x,y,yaw,linear_velocity,angular_velocity,timestamp
6.1,26.5,0.0,0,0,0.2
6.1,26.5,0.0,0.0,0.0,0.4
6.199999999999999,26.5,0.00866228332261824,0.1,0.00866228332261824,0.6000000000000001
6.299996248265841,26.50086621749937,0.017108977520661713,0.1,0.008446694198043473,0.8
6.399981612767261,26.502577031784483,0.025350911404344853,0.1,0.008241933883683139,1.0
6.4999494810527025,26.50511185139635,0.03339865846900092,0.1,0.008047747064656064,1.2
6.599893712717609,26.50845109635764,0.04126256628147368,0.1,0.007863907812472756,1.4
6.699808594826636,26.5125761821918,0.048952787020177024,0.1,0.007690220738703348,1.5999999999999999
6.799688799984435,26.51746950597386,0.05647930952399952,0.1,0.007526522503822496,1.7999999999999998
6.8995293467578,26.52311443467098,0.0638519932700746,0.1,0.0073726837460750694,1.9999999999999998
6.999325562156814,26.529495296057455,0.07108060478158636,0.1,0.007228611511511756,2.1999999999999997
7.099073045883743,26.536597372524668,0.07817485706879632,0.1,0.0070942522872099656,2.4
7.198767636055196,26.544406898153408,0.0851444528353974,0.1,0.006969595766601083,2.6
7.298405376094765,26.552911059476386,0.09199913234618749,0.1,0.006854679510790099,2.8000000000000003
7.39798248247875,26.56209800043584,0.09874872706175077,0.1,0.006749594715563276,3.0000000000000004
7.497495312995458,26.571956832139087,0.10540322041606502,0.1,0.006654493354314259,3.2000000000000006
7.5969403351468365,26.582477648139367,0.1119728174639057,0.1,0.006569597047840676,3.400000000000001
7.696314094277421,26.59365154612783,0.11846802558454916,0.1,0.00649520812064347,3.600000000000001
7.795613180956141,26.60547065712536,0.12489974903573574,0.1,0.006431723451186576,3.800000000000001
7.894834197056704,26.61792818352396,0.13127940096259458,0.1,0.006379651926858829,4.000000000000001
7.993973719875295,26.63101844766576,0.13761903755981106,0.1,0.006339636597216473,4.200000000000001
8.093028263480935,26.644736953090124,0.1439315205774131,0.1,0.006312483017602043,4.400000000000001
8.191994236300644,26.659080461163423,0.1502307164218253,0.1,0.006299195844412204,4.600000000000001
8.290037326313074,26.673921362595866,0.15653174299008205,0.09915997102920532,0.006301026568256728,4.800000000000002
8.38312844787054,26.688613269189478,0.1628483313077305,0.09424335006875702,0.006316588317648437,5.000000000000002
8.471514084366877,26.703135323057253,0.1691805147581867,0.08957070272919172,0.006332183450456212,5.200000000000002
8.55542860499138,26.71746903994723,0.17552832675906013,0.08512991372908922,0.006347812000873411,5.400000000000002
8.635094853500863,26.73159812882961,0.18189180076189393,0.08090946980558456,0.006363474002833796,5.600000000000002
8.710724708662207,26.745508323334473,0.18827097025190315,0.07689842978168634,0.006379169490009221,5.8000000000000025
8.782519617716055,26.759187224319184,0.19466586874771036,0.07308639612267029,0.006394898495807203,6.000000000000003
8.850671104148455,26.772624152886404,0.20107652980107804,0.06946348790743367,0.006410661053367697,6.200000000000003
8.915361250996396,26.78581001321314,0.20750298699663927,0.0660203151443876,0.006426457195561225,6.400000000000003
8.976763160855198,26.79873716458844,0.2139452739516251,0.06274795436496958,0.006442286954985843,6.600000000000003
9.035041393700439,26.811399302092518,0.2204034243155896,0.0596379254311912,0.006458150363964491,6.800000000000003
9.09035238358441,26.823791345383253,0.22687747177013218,0.05668216949680217,0.006474047454542569,7.0000000000000036
9.142844835216886,26.83590933508731,0.23336745002861708,0.05387302806465925,0.006489978258484919,7.200000000000004
9.192660101392164,26.84775033632264,0.2398733928358906,0.05120322308574804,0.006505942807273499,7.400000000000004
9.2399325421787,26.859312348906947,0.24639533396799512,0.048665838048021166,0.006521941132104517,7.600000000000004
9.284789866744237,26.870594223833052,0.2529333072318808,0.04625430000579662,0.0065379732638856936,7.800000000000004
9.327353458647893,26.881595585616786,0.2594873464651146,0.04396236250291341,0.006554039233233833,8.000000000000004
9.367738685391219,26.89231676014645,0.26605748553558645,0.04178408934517088,0.0065701390704718116,8.200000000000003
9.406055192982622,26.902758707684924,0.27264375834121246,0.03971383917979213,0.006586272805626009,8.400000000000002
9.44240718623375,26.912922960696275,0.27924619880963586,0.0377462508417565,0.0066024404684233845,8.600000000000001
9.476893695472207,26.922811566188297,0.28586484089792474,0.03587622942884349,0.00661864208828887,8.8
9.509608830322529,26.93242703228092,0.2924997185922671,0.03409893306913236,0.006634877694342365,9.0
9.540642021176277,26.94177227872779,0.29915086590766343,0.03240976034650393,0.006651147315396325,9.2
9.570078248942568,26.95085059113478,0.3058183168876163,0.030804338351407518,0.006667450979952878,9.399999999999999
9.597998263642273,26.959665578634628,0.31250210560381714,0.02927851132578558,0.006683788716200848,9.599999999999998
9.624478792382194,26.96822113479143,0.3192022661558299,0.02782832987259569,0.006700160552012783,9.799999999999997
9.649592737220086,26.976521401522593,0.32591883267077254,0.02645004070184337,0.006716566514942646,9.999999999999996
9.673409363406966,26.98457073583856,0.3326518393029948,0.02514007688643374,0.00673300663222226,10.199999999999996
9.767927334216465,27.01722579967336,0.43492758237068596,0.1,0.10227574306769116,10.399999999999995
9.858617389962824,27.059360272361673,0.5329562979862243,0.1,0.09802871561553833,10.599999999999994
9.944748269478756,27.110168456680853,0.6269782363293179,0.1,0.09402193834309358,10.799999999999994
10.025728676754749,27.168838497054235,0.7172147360234545,0.1,0.09023649969413662,10.999999999999993
10.101092613854929,27.234567311015542,0.8038702946339198,0.1,0.08665555861046521,11.199999999999992
10.170485125735727,27.306572028186526,0.8871343689390258,0.1,0.08326407430510599,11.399999999999991
10.23364874975055,27.384098517861435,0.9671829406402239,0.1,0.08004857170119811,11.59999999999999
10.290410853455473,27.466427513865224,1.0441798797997535,0.1,0.0769969391595296,11.79999999999999
10.340671963409484,27.552878776587008,1.118278134511441,0.1,0.07409825471168761,11.99999999999999
10.384395128563332,27.642813668753114,1.1896207715725917,0.1,0.07134263706115078,12.199999999999989
10.421596319506394,27.735636464403846,1.2583418894590717,0.1,0.06872111788647997,12.399999999999988
10.452335835335436,27.830794659881672,1.3245674218078016,0.1,0.06622553234872998,12.599999999999987
10.476710670128451,27.9277785112633,1.3884158469043741,0.1,0.06384842509657243,12.799999999999986
10.49484777853727,28.026119984195965,1.449998816343404,0.1,0.06158296943903007,12.999999999999986
10.506898172977126,28.125391269036264,1.509421714042304,0.1,0.05942289769889987,13.199999999999985
10.513031781835762,28.225202985995594,1.5667841551053432,0.1,0.05736244106303903,13.399999999999984
10.513432997928284,28.32520218112059,1.622180432613413,0.1,0.05539627750806996,13.599999999999984
10.508296848228065,28.425070193848676,1.6756999192176778,0.1,0.05351948660426479,13.799999999999983
10.497825719055722,28.524520460081884,1.727427429408019,0.1,0.05172751019034123,13.999999999999982
10.482226574915478,28.623296300762142,1.7774435474800274,0.1,0.05001611807200854,14.199999999999982
10.46170861366466,28.721168734399555,1.8258249255116439,0.1,0.04838137803161653,14.39999999999998
10.436481305418688,28.817934342539342,1.8726445550607507,0.1,0.04681962954910676,14.59999999999998
10.406752767336883,28.91341320943416,1.9179720157898659,0.1,0.0453274607291151,14.79999999999998
10.372728431067811,29.00744695093927,1.961873703798399,0.1,0.04390168800853317,14.999999999999979
10.334609964064647,29.099896842628382,2.004413042084066,0.1,0.04253933828566704,15.199999999999978
10.292594410152338,29.190642053132528,2.045650675252567,0.1,0.04123763316850111,15.399999999999977
10.246873518605152,29.279577985556553,2.085644650339872,0.1,0.03999397508730525,15.599999999999977
10.197633234559543,29.366614727379233,2.1244505853973172,0.1,0.038805935057445146,15.799999999999976
10.145053326840554,29.45167560736682,2.1621218273103717,0.1,0.03767124191305469,15.999999999999975
10.089307132226642,29.534695856620047,2.1987096001726663,0.1,0.03658777286229473,16.199999999999974
10.030561397830729,29.615621369842298,2.2342631454138395,0.1,0.03555354524117325,16.399999999999974
9.968976205651332,29.69440756218732,2.268829854779984,0.1,0.034566709366144144,16.599999999999973
9.90470496546618,29.771018316556813,2.302455397186609,0.1,0.03362554240662537,16.799999999999972
9.837894464122165,29.845425015920252,2.335183840404425,0.1,0.03272844321781605,16.99999999999997
9.76868496094059,29.917605655078958,2.367057768496755,0.1,0.03187392809232999,17.19999999999997
9.697210320426043,29.987544026258995,2.3981183959035097,0.1,0.03106062740675466,17.39999999999997
9.623598174760328,30.055228972964223,2.4284056790603716,0.1,0.030287283156861713,17.59999999999997
9.547970109698607,30.120653706628335,2.457958426453795,0.1,0.029552747393423395,17.79999999999997
9.47044186848074,30.183815180753506,2.486814408043884,0.1,0.028855981590089064,17.999999999999968
9.391123569243048,30.244713517397784,2.5150104650401683,0.1,0.028196056996284514,18.199999999999967
9.310119932179482,30.303351481060194,2.5425826210926767,0.1,0.027572156052508602,18.399999999999967
9.227530513370617,30.359733995200784,2.5695661960664653,0.1,0.02698357497378876,18.599999999999966
9.14344994278657,30.413867696813192,2.5959959237072305,0.1,0.026429727640765167,18.799999999999965
9.057968164488273,30.46576052463131,2.6219060746858434,0.1,0.02591015097861269,18.999999999999964
8.971170677511436,30.515421336691787,2.6473305867398147,0.1,0.02542451205397154,19.199999999999964
8.883138776329861,30.562859553082767,2.6723032039219246,0.1,0.024972617182109948,19.399999999999963
8.793949790169815,30.608084819778973,2.6968576273363745,0.1,0.024554423414449824,19.599999999999962
8.70367732079527,30.65110668948523,2.7210276802117344,0.1,0.024170052875359806,19.79999999999996
8.61239147871554,30.691934315374997,2.7448474907552005,0.1,0.023819810543466158,19.99999999999996
8.52015911809367,30.73057615350567,2.7683516969909223,0.1,0.023504206235721716,20.19999999999996
8.427044070968499,30.767039669502857,2.7915756787553776,0.1,0.02322398176445515,20.39999999999996
8.333107381760644,30.801331044813086,2.8145558232709416,0.1,0.022980144515563784,20.59999999999996
8.23840754343061,30.833454877403007,2.837329832334342,0.1,0.022774009063400505,20.799999999999958
8.143000737118822,30.86341387120095,2.8599370812618803,0.1,0.022607248927538362,20.999999999999957
8.046941077652047,30.89120850779018,2.8824190424965206,0.1,0.022481961234640125,21.199999999999957
7.950280867987676,30.916836692814478,2.9048197904372004,0.1,0.022400747940679634,21.399999999999956
7.853346503887675,30.940226857153718,2.927186608925787,0.09971645165813003,0.022366818488586706,21.599999999999955
7.760281706727109,30.960491997235714,2.9495673584278883,0.09524564227869046,0.02238074950210152,21.799999999999955
7.670977984655665,30.97785450398379,2.9719619925216776,0.09097588370766507,0.022394634093789056,21.999999999999954
7.585327110761037,30.99252449653799,2.994370464839859,0.08689810631109146,0.02240847231818162,22.199999999999953
7.5032213623112956,31.004700380120614,3.0167927290704357,0.08300365094084623,0.022422264230576874,22.399999999999952
7.4245537380025075,31.01456938362242,3.039228738957467,0.07928425029290054,0.022436009887031275,22.59999999999995
7.349218154601428,31.022308077385915,3.0616784483018207,0.07573201111515648,0.022449709344354044,22.79999999999995
7.277109624301446,31.028082871667817,3.084141810961921,0.07233939722600428,0.022463362660100385,22.99999999999995
7.208124414041393,31.032050496266617,3.1066187808544865,0.06909921330652595,0.022476969892565448,23.19999999999995
7.14216018797127,31.034358461803787,3.129109311955264,0.06600458943097086,0.022490531100777658,23.39999999999995
7.079116134186303,31.03514550314819,3.1516133582997568,0.06304896630175386,0.02250404634449259,23.599999999999948
7.018893076790829,31.034542005473185,3.1741308739839433,0.060226081156773775,0.022517515684186407,23.799999999999947
6.96139357429637,31.032670413434683,3.196661813164993,0.0575299543183283,0.02253093918104945,23.999999999999947
6.906522005303609,31.02964562395602,3.219206130061973,0.054954876354310594,0.02254431689698011,24.199999999999946
6.854184642365915,31.02557536310238,3.241763778956551,0.05249539582371581,0.02255764889457801,24.399999999999945
6.804289714882323,31.02056054752332,3.2643347141936894,0.05014630757977065,0.022570935237138202,24.599999999999945
6.756747461820486,31.014695630937176,3.286918890182333,0.047902641605220155,0.022584175988643953,24.799999999999944
6.711470175024934,31.008068936125483,3.309516261396094,0.04575965235547483,0.022597371213761,24.999999999999943
6.668372233822906,31.000762972899413,3.3321267823739253,0.043712808586434095,0.022610520977831162,25.199999999999942
6.627370131599013,30.992854742493527,3.354750407720791,0.04175778364486311,0.022623625346865597,25.39999999999994
6.5883824949709755,30.98441602883489,3.3773870921083295,0.03989044620021578,0.0226366843875387,25.59999999999994
6.551330096161491,30.975513677127953,3.400036790275511,0.03810685139776162,0.02264969816718141,25.79999999999994
6.516135859125952,30.966209860187618,3.422699457029286,0.03640323241379763,0.022662666753775443,25.99999999999994
6.482724859962152,30.95656233294453,3.445375047245232,0.03477599239460475,0.022675590215946118,26.19999999999994
6.45102432209615,30.946624675538015,3.468063515868189,0.03322169676165075,0.02268846862295684,26.399999999999938
6.4209636067081295,30.9364465254033,3.4907648179128907,0.03173706586633871,0.022701302044702,26.599999999999937
6.392474198833283,30.92607379875049,3.513478908464592,0.030318967978368402,0.022714090551701194,26.799999999999937
6.365489689545385,30.915548901823673,3.5362057426796847,0.028964412592503097,0.022726834215092452,26.999999999999936
6.339945754604791,30.904910932319215,3.5589452757863107,0.027670544039232532,0.022739533106626065,27.199999999999935
6.315780129927972,30.894195871332794,3.581697463084969,0.02643463538548606,0.022752187298658556,27.399999999999935
6.292932584212392,30.883436766195405,3.6044622599491145,0.025254082612181122,0.022764796864145523,27.599999999999934
6.203455098849355,30.838785006844763,3.6501624119037466,0.1,0.04570015195463215,27.799999999999933
6.11611091622763,30.790092155602075,3.6941731491719616,0.1,0.044010737268215167,27.999999999999932
6.030993626926566,30.73760361340438,3.7365686577418065,0.1,0.042395508569845,28.199999999999932
5.948177432078163,30.681554725183194,3.777419511752801,0.1,0.04085085401099447,28.39999999999993
5.867719337313363,30.6221704260224,3.816792893647027,0.1,0.03937338189422599,28.59999999999993
5.789661156712646,30.559665062722072,3.8547527971029028,0.1,0.03795990345587583,28.79999999999993
5.714031336266051,30.494242358259356,3.89136021452508,0.1,0.0366074174221771,28.99999999999993
5.640846607407807,30.42609549140588,3.9266733106496954,0.1,0.035313096124615216,29.19999999999993
5.570113481765277,30.355407267939466,3.9607475836391717,0.1,0.034074272989476205,29.399999999999928
5.501829598467028,30.28235036353125,3.993636014880729,0.1,0.03288843124155743,29.599999999999927
5.435984935283722,30.20708762155172,4.025389208564199,0.1,0.03175319368347012,29.799999999999926
5.372562894602231,30.12977239177262,4.056055521994612,0.1,0.030666313430412196,29.999999999999925
5.31154127481692,30.050548898295133,4.085681187490786,0.1,0.02962566549617405,30.199999999999925
5.252893137208369,29.9695526270535,4.11431042663063,0.1,0.0286292391398447,30.399999999999924
5.196587577804893,29.88691072496829,4.141985557525177,0.1,0.02767513089454683,30.599999999999923
5.1425904131137905,29.802742404292857,4.168747095734994,0.1,0.02676153820981715,30.799999999999923
5.090864787988157,29.71715934694292,4.194633849383205,0.1,0.025886753648211205,30.999999999999922
5.0413717132771865,29.630266104653003,4.219683008967754,0.1,0.02504915958454923,31.19999999999992
4.994070540304534,29.542160491690996,4.243930232330867,0.1,0.024247223363112982,31.39999999999992
4.948919378638754,29.452933967606334,4.267409725205068,0.1,0.023479492874200727,31.59999999999992
4.905875463067538,29.362672008109,4.290154317721956,0.1,0.02274459251688752,31.79999999999992
4.864895475167114,29.271454462693214,4.31219553724169,0.1,0.02204121951973477,31.99999999999992
4.8259358243716095,29.179355898047003,4.333563677837345,0.1,0.021368140595654596,32.19999999999992
4.788952892995317,29.08644592664018,4.354287866748604,0.1,0.020724188911258337,32.39999999999992
4.753903249243622,28.992789520170152,4.374396128103496,0.1,0.020108261354891743,32.59999999999992
4.720743831865101,28.898447307777623,4.393915444194771,0.1,0.01951931609127531,32.799999999999926
4.689432109746954,28.803475859131222,4.412871814589077,0.1,0.018956370394305644,32.99999999999993
4.659926219437107,28.707927952628655,4.431290313342309,0.1,0.01841849875323223,33.19999999999993
4.632185083287359,28.611852829078792,4.4491951445934985,0.1,0.017904831251189492,33.399999999999935
4.606168510651352,28.51529643131937,4.466609696812548,0.1,0.01741455221904995,33.59999999999994
4.581837284337154,28.418301630293506,4.483556595984435,0.1,0.016946899171887433,33.79999999999994
4.559153234305364,28.320908438158966,4.50005775802458,0.1,0.01650116204014487,33.99999999999994
4.5380793004183,28.22315420904061,4.516134440737635,0.1,0.016076682713054735,34.199999999999946
4.518579585882794,28.125073828061367,4.531807295655814,0.1,0.015672854918178915,34.39999999999995
4.500619402887065,28.02669988930338,4.5470964201241815,0.1,0.015289124468367455,34.59999999999995
4.4841653118102585,27.9280628633606,4.562021410040501,0.1,0.014924989916319742,34.799999999999955
4.4691851552806865,27.829191255148995,4.576601413708179,0.1,0.01458000366767842,34.99999999999996
4.45564808827526,27.73011175264272,4.5908551873249115,0.1,0.014253773616732435,35.19999999999996
4.44352460538781,27.63084936720555,4.604801152709964,0.1,0.013945965385052751,35.39999999999996
4.432786566348436,27.531427566187922,4.618457457973603,0.1,0.013656305263639635,35.599999999999966
4.423407220850286,27.431868398463266,4.631842041958239,0.1,0.01338458398463609,35.79999999999997
4.415361233735704,27.33219261358373,4.6449727034391985,0.1,0.013130661480958894,35.99999999999997
4.408624711612527,27.232419775247415,4.657867176272674,0.1,0.012894472833475935,36.199999999999974
4.40317523201643,27.132568369788444,4.670543211931207,0.1,0.012676035658533147,36.39999999999998
4.3989918763108316,27.032655910430062,4.6830186711889015,0.1,0.012475459257693933,36.59999999999998
4.396055267627559,26.932699038082827,4.695311627130894,0.1,0.01229295594199269,36.79999999999998
4.394347615307151,26.832713619528157,4.707440482193364,0.1,0.012128855062470212,36.999999999999986
4.393852767507632,26.732714843907377,4.719424102631368,0.1,0.011983620438004118,37.19999999999999
4.394556273929166,26.632717318544422,4.731281974717123,0.1,0.011857872085755129,37.39999999999999
4.396445460968343,26.532735165275298,4.743034388168007,0.1,0.011752413450883514,37.599999999999994
4.399509522096541,26.43278211865138,4.754702653900524,0.1,0.011668265732517336,37.8
4.403739626888018,26.332871627643414,4.766309365359917,0.1,0.011606711459393449,38.0
4.4091290529561045,26.2330169628217,4.777878715611489,0.1,0.011569350251571376,38.2
4.415673346161229,26.133231331459037,4.789436886432484,0.1,0.011558170820995396,38.400000000000006
4.4230784222859665,26.037311564308773,4.801012531310646,0.096205181162834,0.01157564487816174,38.60000000000001
4.431179513943675,25.946140860353303,4.812612334663276,0.09152991284701745,0.011599803352630245,38.80000000000001
4.439892598468883,25.85949547183342,4.824236320632736,0.0870823816492473,0.011623985969459617,39.000000000000014
4.449140006260157,25.777161690680487,4.8358845132219015,0.08285146993142121,0.011648192589165296,39.20000000000002
4.458850014265062,25.698935421260696,4.847556936293206,0.07882660390244356,0.011672423071304117,39.40000000000002
4.468956463221292,25.624621770164197,4.85925361356768,0.07499772696420146,0.011696677274474255,39.60000000000002
4.479398397345438,25.554034652418707,4.870974568623996,0.07135527436614912,0.011720955056316207,39.800000000000026
4.490119725229926,25.486996413526438,4.882719824897509,0.06789014910414846,0.01174525627351315,40.00000000000003
4.501068900774165,25.423337466741938,4.894489405679301,0.06459369900238393,0.011769580781791512,40.20000000000003
4.512198623038136,25.362895945026903,4.906283334115223,0.06145769492018255,0.011793928435921641,40.400000000000034
4.523465553965647,25.305517367136055,4.918101633204942,0.058474310028433035,0.01181829908971892,40.60000000000004
4.534830052980441,25.251054317305766,4.929944325800986,0.05563610010302416,0.011842692596044159,40.80000000000004
4.546255927511451,25.19936613803437,4.941811434607791,0.05293598478530729,0.011867108806804617,41.00000000000004
4.557710198553865,25.150318635459925,4.9537029821807455,0.050367229762052414,0.011891547572954853,41.200000000000045
4.569162880420415,25.103783796857563,4.965618990925243,0.04792342981970535,0.01191600874449792,41.40000000000005
4.580586773882642,25.059639519794622,4.97755948309573,0.045598492729979366,0.011940492170486205,41.60000000000005
4.591957271944839,25.01776935249728,4.989524480794753,0.0433866239259283,0.011964997699022463,41.800000000000054
4.603252177534123,24.978062244997652,5.001514005972014,0.04128231192965881,0.011989525177261307,42.00000000000006
4.614451532428723,24.9404123106451,5.013528080423424,0.039280314494752645,0.012014074451410384,42.20000000000006
4.6255374567831975,24.904718597579805,5.0255667257901555,0.03737564542828513,0.01203864536673116,42.40000000000006
4.636493998644013,24.870884869780753,5.037629963557697,0.03556356205905425,0.012063237767541014,42.600000000000065
4.647306992881849,24.838819397313806,5.049717815054911,0.0338395533202791,0.012087851497214253,42.80000000000007
4.657963928998171,24.808434755418734,5.061830301453094,0.03219932841658566,0.01211248639818363,43.00000000000007
4.668453827293193,24.779647632086935,5.073967443765036,0.030638806046583922,0.012137142311941808,43.200000000000074
4.67876712291037,24.752378643793993,5.0861292628440795,0.0291541041537523,0.012161819079043169,43.40000000000008
4.688895557299123,24.72655215906333,5.098315779383185,0.027741530179686058,0.012186516539105475,43.60000000000008
4.698832076662635,24.702096129548853,5.110527013913996,0.02639757179504453,0.012211234530811455,43.80000000000008
4.708570736981398,24.67894192833591,5.122762986805907,0.02511888808474154,0.012235972891910763,44.000000000000085
4.748465967898827,24.587244760713105,5.226701423308545,0.1,0.10393843650263818,44.20000000000009
4.797659603573283,24.500181644474775,5.327308673282048,0.1,0.10060724997350326,44.40000000000009
4.855348896344879,24.41849966666135,5.424780373860717,0.1,0.0974717005786685,44.600000000000094
4.920713441054405,24.342819574860954,5.519294579532739,0.1,0.09451420567202216,44.8000000000001
4.992928453614406,24.27364593854654,5.611014412485968,0.1,0.09171983295322894,45.0000000000001
5.071175626090943,24.211377326875596,5.700090208154963,0.1,0.08907579566899537,45.2000000000001
5.154651871867904,24.156316302629907,5.786661268910934,0.1,0.08657106075597101,45.400000000000105
5.2425762440431924,24.108679082123444,5.870857311081303,0.1,0.08419604217036869,45.60000000000011
5.334195281792922,24.06860475216256,5.952799670066254,0.1,0.08194235898495102,45.80000000000011
5.428787012809683,24.03616396882965,6.032602313203677,0.1,0.0798026431374232,46.000000000000114
5.525663815013985,24.011367090101302,6.110372698766383,0.1,0.07777038556270624,46.20000000000012
5.6241743175615735,23.99417171607741,6.18621251101573,0.1,0.07583981224934676,46.40000000000012
5.72370449974468,23.984489627738746,6.260218294837806,0.1,0.07400578382207522,46.60000000000012
5.823678126721194,23.982193128411303,6.332482008614977,0.1,0.07226371377717089,46.800000000000125
5.923556643087666,23.98712080214565,6.403091510248074,0.1,0.07060950163309698,47.00000000000013
6.022838629100092,23.999082710581533,6.472130988359484,0.1,0.06903947811141035,47.20000000000013
6.121058909777652,24.01786505504705,6.539681348467237,0.1,0.06755036010775305,47.400000000000134
6.217787394117739,24.04323433405276,6.605820562171366,0.1,0.06613921370412838,47.600000000000136
6.3126277101106725,24.074941028335836,6.670623986022326,0.1,0.06480342385096009,47.80000000000014
6.405215691066136,24.11272284648413,6.734164655661569,0.1,0.06354066963924287,48.00000000000014
6.4952177598426655,24.156307564172153,6.796513559971921,0.1,0.06234890431035232,48.200000000000145
6.582329249797964,24.2054154893754,6.857739899301093,0.1,0.06122633932917108,48.40000000000015
6.666272694544974,24.259761584764174,6.917911331287532,0.1,0.060171431986438866,48.60000000000015
6.746796112804435,24.319057276950133,6.977094207394498,0.1,0.059182876106966376,48.80000000000015
6.823671309692979,24.38301198047808,7.035353802922121,0.1,0.0582595955276231,49.000000000000156
6.896692211587641,24.451334362509815,7.092754542999248,0.1,0.057400740077126367,49.20000000000016
6.965673248181861,24.52373337210516,7.149360226840752,0.1,0.05660568384150477,49.40000000000016
7.030447792421857,24.599919055921088,7.205234252377136,0.1,0.0558740255363841,49.600000000000165
7.0908666666214595,24.679603180064184,7.260439843207689,0.1,0.055205590830553236,49.80000000000017
7.146796721142827,24.762499675775626,7.31504027968184,0.1,0.05460043647415045,50.00000000000017
7.198119490553332,24.84832492462488,7.369099135759539,0.1,0.05405885607769916,50.20000000000017
7.244343190217287,24.936063810044903,7.422680523121825,0.09917026986638336,0.05358138736228551,50.400000000000176
7.284850238205879,25.02408496330575,7.475830102814372,0.09689450117586582,0.05314957969254737,50.60000000000018
7.3197892102993825,25.11203242737005,7.528559680130655,0.09463344126835815,0.05272957731628339,50.80000000000018
7.349326981169369,25.199573099875003,7.580880566250697,0.09238965986834063,0.05232088612004082,51.000000000000185
7.373646321789065,25.286397000633606,7.6328036060210485,0.09016551486636228,0.05192303977035176,51.20000000000019
7.392943601759493,25.37221735351355,7.684339203793233,0.08796316264604637,0.05153559777218471,51.40000000000019
7.407426603790483,25.456770501236075,7.7354973474815445,0.08578456817876388,0.05115814368831089,51.60000000000019
7.4173124557523975,25.53981567092982,7.786287630985808,0.08363151486416986,0.05079028350426338,51.800000000000196
7.422825684076638,25.621134607489058,7.836719275111009,0.08150561409915832,0.050431644125200494,52.0000000000002
7.424196390821047,25.700531090941013,7.886801147103445,0.07940831456160995,0.05008187199243608,52.2000000000002
7.421658555420213,25.777830353140057,7.936541778912118,0.07734091119865759,0.04974063180867275,52.400000000000205
7.415448460999973,25.85287840819277,7.985949384274224,0.0753045539121184,0.049407605362105894,52.60000000000021
7.40580324413982,25.925541310089447,8.035031874714791,0.07330025593629129,0.04908249044056721,52.80000000000021
7.392959566105893,25.995704350086374,8.083796874542555,0.07132890190553597,0.04876499982776359,53.00000000000021
7.377152402840656,26.06327120545772,8.132251734917013,0.06939125561096561,0.04845486037445817,53.200000000000216
7.358613950373161,26.128163050324932,8.180403547055153,0.0674879674472423,0.048151812138141105,53.40000000000022
7.337572641796343,26.190317638380996,8.228259154640519,0.06561958155188116,0.04785560758536547,53.60000000000022
7.314252271535693,26.249688366462752,8.275825165492,0.0637865426406837,0.04756601085148118,53.800000000000225
7.288871222298128,26.30624332709075,8.323107962544999,0.061989202543944646,0.04728279705299965,54.00000000000023
7.261641789832358,26.359964357296395,8.370113714193266,0.060227826448941084,0.047005751648268215,54.20000000000023
7.232769600444628,26.41084609029302,8.4168483840358,0.058502598854929866,0.04673466984253452,54.40000000000023
7.202453116088811,26.45889501582286,8.463317740069641,0.05681362924746848,0.04646935603384046,54.600000000000236
7.170883221780452,26.50412855432699,8.509527363366146,0.055160957499352126,0.046209623296505464,54.80000000000024
7.138242890063919,26.546574149440783,8.241323390906421,0.05354455900583438,-0.2682039724597255,55.00000000000024
7.118614477281531,26.59468879416622,7.988578282670686,0.05196434956208952,-0.25274510823573476,55.200000000000244
7.111750586400908,26.64537647072226,7.750863603313837,0.05115030354426501,-0.23771467935684978,55.40000000000025
7.117011313386388,26.696212075074815,7.527535618354041,0.051107082858500186,-0.2233279849597956,55.60000000000025
7.133618721564609,26.745265331526397,7.317767890656752,0.0517882995946254,-0.20976772769728902,55.80000000000025
7.160754866596252,26.790926436351683,7.120608084903353,0.05311597557274109,-0.19715980575339895,56.000000000000256
7.197568302869672,26.83178434385663,6.93504138565192,0.0549963425687546,-0.18556669925143218,56.20000000000026
7.243144099323646,26.86656493259974,6.760046785921154,0.057330991407191514,-0.17499459973076625,56.40000000000026
7.2964717401552885,26.894115493889977,6.5946393278371245,0.06002391776680199,-0.16540745808402957,56.600000000000264
7.356426989524393,26.913416975487888,6.437897226873153,0.06298554690392007,-0.15674210096397215,56.80000000000027
7.42177182950374,26.923608041533242,6.288976158123736,0.0661347559084269,-0.14892106874941682,57.00000000000027
7.491170315417642,26.924009922313147,6.1471141243750544,0.06939964953300007,-0.14186203374868214,57.20000000000027
7.563215748804507,26.91414565954815,6.011630164207148,0.07271759176291563,-0.13548396016790631,57.400000000000276
7.636464257885444,26.893750848820904,5.881919469277616,0.07603481036459728,-0.12971069492953227,57.60000000000028
7.709470558921891,26.86277528787776,5.757446717628658,0.07930577133328083,-0.12447275164895794,57.80000000000028
7.78082268913781,26.821376290456588,5.6377387896454865,0.0824924449499943,-0.11970792798317138,58.000000000000284
7.84917351665222,26.769905099882973,5.522377562743603,0.08556353826817963,-0.11536122690188276,58.20000000000029
7.913267700333873,26.708888073538407,5.410993162748968,0.08849373924606663,-0.11138439999463588,58.40000000000029
7.971963450540559,26.639004285300175,5.303257847933821,0.09126299880483713,-0.10773531481514667,58.60000000000029
8.024248937643993,26.561061028907556,5.198880580454875,0.09385586491386048,-0.10437726747894578,58.800000000000296
8.069253536334672,26.475968478382384,5.097602271676892,0.09626087501258346,-0.10127830877798338,59.0000000000003
8.106254312118729,26.38471451900323,4.99919165275986,0.09847000818012905,-0.09841061891703151,59.2000000000003
8.1345430070268,26.2887991931142,4.90344170670558,0.1,-0.09574994605428018,59.400000000000304
8.153532264210929,26.190618705686227,4.810177403645071,0.1,-0.09326430306050998,59.60000000000031
8.16329552883361,26.091096453581947,4.719271490346159,0.1,-0.09090591329891098,59.80000000000031
8.163983774396149,25.991098822019765,4.630605309491029,0.1,-0.08866618085513008,60.00000000000031
8.155814521186834,25.891433064098592,4.544067634545985,0.1,-0.08653767494504463,60.200000000000315
8.139061755636233,25.792846326418484,4.4595537083977685,0.1,-0.08451392614821654,60.40000000000032
8.114046746495209,25.69602561934776,4.376964441178512,0.1,-0.08258926721925658,60.60000000000032
8.081129738551468,25.601598554435036,4.296205733576669,0.1,-0.08075870760184217,60.800000000000324
8.040702492916417,25.51013469375573,4.217187899871463,0.1,-0.07901783370520613,61.00000000000033
7.993181634293817,25.422147376511877,4.139825170790157,0.1,-0.07736272908130591,61.20000000000033
7.939002759630313,25.338095906922128,4.064035260660332,0.1,-0.07578991012982549,61.40000000000033
7.878615258713004,25.258388004346774,3.989738986623783,0.1,-0.0742962740365488,61.600000000000335
7.812477795225089,25.183382431731236,3.9168599301840783,0.1,-0.07287905643970503,61.80000000000034
7.741054396144028,25.113391731893987,3.8453241332823778,0.1,-0.07153579690170046,62.00000000000034
7.664811097859718,25.048685013025466,3.775059822584595,0.1,-0.07026431069778316,62.200000000000344
7.584213098738051,24.989490735112955,3.705997156825682,0.1,-0.06906266575891254,62.40000000000035
7.4997223698342586,24.93599945798008,3.638067992973838,0.1,-0.06792916385184404,62.60000000000035
7.4117956778837275,24.888366519348956,3.5712056677084383,0.1,-0.06686232526539991,62.80000000000035
7.320882977411401,24.846714617917822,3.5053447912959363,0.1,-0.06586087641250178,63.000000000000355
7.227426131678967,24.811136282013173,3.440421051432823,0.1,-0.06492373986311331,63.20000000000036
7.131857925130373,24.781696209032873,3.376371025031713,0.1,-0.06405002640111004,63.40000000000036
7.0346013329200945,24.758433464748425,3.313131996278292,0.1,-0.06323902875342069,63.600000000000364
6.937227002509398,24.741564146517415,3.25064177960223,0.09882476471264925,-0.06249021667606174,63.80000000000037
6.840426713128398,24.730966116647938,3.1888676070649344,0.09737871564854277,-0.06177417253729578,64.00000000000037
6.744647026850141,24.726434760190617,3.1277837238678856,0.09588681606406849,-0.06108388319704899,64.20000000000037
6.6503015919082165,24.72773765248704,3.067365787905148,0.09435443085895384,-0.06041793596273777,64.40000000000038
6.557770425066528,24.73461859276347,3.0075907669290567,0.09278665947307385,-0.05977502097609112,64.60000000000038
6.467399573561845,24.746801465414183,2.948436844912187,0.09118833909938838,-0.059153922016869656,64.80000000000038
6.379501116418748,24.76399390859953,2.8898833366413728,0.08956404898628803,-0.05855350827081414,65.00000000000038
6.294353466352003,24.78589077473965,2.8319106096944187,0.08791811564545245,-0.0579727269469543,65.20000000000039
6.212201935170818,24.812177371887262,2.774500013049812,0.08625461880394698,-0.05741059664460666,65.40000000000039
6.13325952751058,24.84253247884422,2.717633811666419,0.08457739795928736,-0.05686620138339282,65.60000000000039
6.057707929778372,24.87663113028019,2.6612951264456584,0.08289005941390853,-0.05633868522076069,65.8000000000004
5.9856986633562235,24.914147171053326,2.6054678790545864,0.0811959836811372,-0.05582724739107206,66.0000000000004
5.917354373316135,24.954755581456936,2.5501367411460154,0.07949833316863825,-0.05533113790857085,66.2000000000004
5.852770226126446,24.9981345772584,2.49528708756235,0.07780006005758017,-0.05484965358366555,66.4000000000004
5.7920153920392545,25.04396749019036,2.4409049531542353,0.07610391430663027,-0.054382134408114985,66.6000000000004
5.735134590018484,25.091944436032943,2.3869769928841955,0.07441245171950876,-0.05392796027003974,66.80000000000041
5.682149675177605,25.141763778620472,2.3334904449198848,0.07272804202334142,-0.05348654796431077,67.00000000000041
5.633061250729214,25.193133399046637,2.2804330964519908,0.07105287691257685,-0.05305734846789421,67.20000000000041
5.587850288393459,25.245771780056312,2.227793251998752,0.06938897801989093,-0.052639844453238466,67.40000000000042
5.546479743059798,25.29940891612639,2.175559703982897,0.06773820478138194,-0.05223354801585506,67.60000000000042
5.5088961492404565,25.353787060076165,2.1237217053879753,0.06610226216855138,-0.051837998594921955,67.80000000000042
5.475031188490338,25.408661317232614,2.0722689443198887,0.06448270826414632,-0.05145276106808655,68.00000000000043
5.444803218495046,25.4638000982277,2.021191520316183,0.06288096166297578,-0.05107742400370573,68.20000000000043
5.418118755945604,25.518985441442776,1.9704799222606115,0.061298308682364404,-0.050711598055571364,68.40000000000043
5.394873906626544,25.574013215955926,1.9201250077738456,0.05973591037002775,-0.05035491448676599,68.60000000000043
5.37495573734515,25.628693215607797,1.8701179839631465,0.05819480929989371,-0.05000702381069913,68.80000000000044
5.358243585426818,25.682849154493574,1.8204503894245267,0.05667593614878796,-0.0496675945386199,69.00000000000044
5.3446103024983564,25.73631857382625,1.7711140774005258,0.0551801160489974,-0.04933631202400085,69.20000000000044
5.33392343018166,25.788952669710216,1.722101200005363,0.05370807471354744,-0.049012877395162906,69.40000000000045
5.32604630612921,25.840616050924616,1.6734041934369848,0.05226044433261315,-0.048697006568378366,69.60000000000045
5.32083909955504,25.891186435351475,1.6250157641025278,0.050837769240853016,-0.04838842933445704,69.80000000000045
5.3181597760551655,25.940554293202396,1.5769288755900217,0.04944051135663556,-0.04808688851250619,70.00000000000045
5.317864992075141,25.98862244470613,1.5291367364248563,0.04806905539513905,-0.04779213916516548,70.20000000000046
5.319810919874472,26.03530561942358,1.481632788554692,0.04672371385816715,-0.04750394787016415,70.40000000000046
5.3238540042631195,26.080529983861815,1.4344106965111583,0.045404731804252,-0.04722209204353389,70.60000000000046
5.329851652749375,26.124232643568963,1.387464337200911,0.04411229140322916,-0.04694635931024716,70.80000000000047
5.337662861045712,26.166361125410603,1.3407877902824683,0.04284651627997424,-0.046676546918442724,71.00000000000047
5.347148776134644,26.206872845259202,1.2943753290887172,0.04160747565240796,-0.04641246119375099,71.20000000000047
5.358173199304626,26.245734565873118,1.2482214120581725,0.04039518826921096,-0.046153917030544715,71.40000000000047
5.370603031730942,26.282921849303182,1.2023206746409447,0.039209626152950816,-0.04590073741722774,71.60000000000048
5.384308665302537,26.318418507744173,1.1566679216480167,0.038050718154525105,-0.045652752992927974,71.80000000000048
5.399164321486657,26.35221605634709,1.111258120014827,0.036918353324968595,-0.04540980163318956,72.00000000000048
5.415048341082754,26.384313171126582,1.066086391952355,0.03581238411076763,-0.04517172806247188,72.20000000000049
5.431843427748782,26.414715154737053,1.021148008460909,0.034732629378880706,-0.044938383491446104,72.40000000000049
5.449436848189981,26.443433412550927,0.9764383831836564,0.033678877277680354,-0.04470962527725267,72.60000000000049
5.467720591885558,26.47048494115369,0.9319530665786206,0.032650887940017005,-0.04448531660503576,72.8000000000005
5.48659149319511,26.49589183107209,0.8876877403894069,0.03164839603456428,-0.0442653261892138,73.0000000000005
5.505951318636707,26.519680785274666,0.8436382123963421,0.030671113171539123,-0.04404952799306478,73.2000000000005
5.525706822064729,26.541882654726397,0.7998004114310119,0.02971873016880493,-0.043837800965330194,73.4000000000005
5.545769770399945,26.562531992041993,0.7561703826383755,0.028790919184263783,-0.04363002879263631,73.6000000000005
5.5660569424788795,26.581666624064006,0.7127442829717422,0.027887335720326062,-0.043426099666633335,73.80000000000051
5.586490103496163,26.599327243992093,0.6695183769069036,0.027007620506118914,-0.04322590606483853,74.00000000000051
5.606995957413797,26.615557023507687,0.6264890323626566,0.026151401262955565,-0.04302934454424702,74.20000000000051
5.627506079606675,26.630401245173168,0.58365271681581,0.02531829435844242,-0.042836315546846644,74.40000000000052
5.647956831905533,26.64390695523555,0.5410059935995677,0.024507906354448442,-0.04264672321624235,74.60000000000052
5.733675934897901,26.695406813314808,0.5201688838078391,0.1,-0.020837109791728585,74.80000000000052
5.820449460127149,26.745109482451277,0.49991315852587487,0.1,-0.02025572528196424,75.00000000000053
5.90821187938732,26.793044415074593,0.4802123189902611,0.1,-0.019700839535613746,75.20000000000053
5.996901565217237,26.839241164174403,0.4610407382608387,0.1,-0.019171580729422457,75.40000000000053
6.086460563072718,26.8837292064231,0.442373601064729,0.1,-0.018667137196109657,75.60000000000053
6.176834373585258,26.926537784692457,0.4241868443076035,0.1,-0.018186756757125524,75.80000000000054
6.267971744856094,26.96769576761001,0.4064570978622488,0.1,-0.01772974644535467,76.00000000000054
6.3598244746347765,27.00723152398578,0.38916162521198633,0.1,-0.01729547265026251,76.20000000000054
6.452347222150322,27.045172810102287,0.372278263484011,0.1,-0.01688336172797534,76.40000000000055
6.545497329297378,27.08154666800177,0.35578536235323255,0.1,-0.016492901130778462,76.60000000000055
6.639234650826663,27.11637933302349,0.33966172122813587,0.1,-0.0161236411250967,76.80000000000055
6.733521393145589,27.14969614894105,0.3238865240431913,0.1,-0.01577519718494455,77.00000000000055
6.8283219612990855,27.181521489124215,0.3084392708731027,0.1,-0.015447253170088599,77.20000000000056
6.923602813669986,27.211878682200563,0.293299705447047,0.1,-0.015139565426055691,77.40000000000056
7.0193323239108265,27.24078994071777,0.2784477374686728,0.1,-0.014851967978374209,77.60000000000056
7.115480649592493,27.26827629130515,0.26386335843030456,0.1,-0.014584379038368242,77.80000000000057
7.2120196070276315,27.294357504799475,0.24952654933474402,0.1,-0.014336809095560527,78.00000000000057
7.308922551695814,27.31905202473073,0.23541717838820805,0.1,-0.014109370946535965,78.20000000000057
7.406164263660507,27.342376892451163,0.2215148862803831,0.1,-0.013902292107824963,78.40000000000057
7.503720837321637,27.36434766702787,0.2077989560912852,0.1,-0.013715930189097903,78.60000000000058
7.601569574788228,27.384978337792397,0.1942481641171862,0.1,-0.013550791974099015,78.80000000000058
7.699688882077989,27.40428122713512,0.18084060693079956,0.1,-0.013407557186386655,79.00000000000058
7.79805816724837,27.422266880725367,0.1675534987026409,0.1,-0.013287108228158637,79.20000000000059
7.896657739427426,27.438943941800602,0.1543629310960104,0.1,-0.01319056760663051,79.40000000000059
7.995468707530692,27.45431900545886,0.1412435857433836,0.1,-0.013119345352626802,79.60000000000059
8.094472877204918,27.468396447950912,0.1281683861802531,0.1,-0.0130751995631305,79.8000000000006
8.193652644206834,27.48117822472278,0.11510807180680283,0.1,-0.013060314373450283,80.0000000000006
8.28936365001822,27.492244251745483,0.10203067045301172,0.09634860449168231,-0.013077401353791108,80.2000000000006
8.380590207359315,27.50158459285681,0.08892793297858258,0.09170347177933912,-0.013102737474429138,80.4000000000006
8.46752823108414,27.50933625622766,0.07579984537475008,0.08728292074737888,-0.01312808760383249,80.6000000000006
8.550365748206856,27.515627380630683,0.06264639382730017,0.08307606447894936,-0.013153451547449922,80.80000000000061
8.629283181186876,27.520577750938017,0.049467564717385996,0.07907254513632218,-0.013178829109914171,81.00000000000061
8.704453622969487,27.52429928570849,0.036263344622339766,0.07526250818861062,-0.01320422009504623,81.20000000000061
8.77604310389827,27.526896498297532,0.023033720316479524,0.07163657789764298,-0.013229624305860244,81.40000000000062
8.844210850623861,27.528466932852577,0.009778678771911579,0.06818583400044538,-0.013255041544567945,81.60000000000062
8.909109537140809,27.529101576489623,-0.0035017928406715446,0.06490178952980466,-0.013280471612583123,81.80000000000062
8.97088552809044,27.528885248882546,-0.01680770715119833,0.06177636971724975,-0.013305914310526787,82.00000000000063
9.029679114473074,27.52789697043594,-0.030139076589430058,0.05880189192551841,-0.013331369438231728,82.20000000000063
9.085624741917357,27.526210310154166,-0.04349591338417752,0.05597104656016826,-0.013356836794747463,82.40000000000063
9.138851231658224,27.523893714264034,-0.056878229562522864,0.0532768789124585,-0.013382316178345344,82.60000000000063
9.189481994378106,27.521010816595957,-0.07028603694904609,0.050712771887973754,-0.013407807386523219,82.80000000000064
9.237635237068334,27.51762073167827,-0.08371934716505705,0.048272429577691525,-0.013433310216010958,83.00000000000064
9.283424163069542,27.513778331451725,-0.09717817162783254,0.04594986163031475,-0.013458824462775493,83.20000000000064
9.326957165451145,27.50953450646575,-0.11066252154985877,0.04373936838670932,-0.013484349922026224,83.40000000000065
9.36833801389076,27.504936412374892,-0.12417240793807856,0.04163552673920211,-0.013509886388219792,83.60000000000065
9.407666035214763,27.500027702512597,-0.1377078415931447,0.039633176680320105,-0.013535433655066138,83.80000000000065
9.445036287761132,27.494848747280482,-0.15126883310867822,0.03772740850728527,-0.01356099151553354,84.00000000000065
9.480539729725267,27.489436841053852,-0.16485539287053283,0.03591355065022769,-0.013586559761854605,84.20000000000066
9.51426338164874,27.483826397268853,-0.1784675310560642,0.034187158093649646,-0.013612138185531353,84.40000000000066
9.546290483209832,27.478049132322873,-0.19210525763340547,0.03254400136216295,-0.013637726577341282,84.60000000000066
9.576700644473375,27.47213423888773,-0.20576858236074821,0.030980056042940907,-0.013663324727342758,84.80000000000067
9.605569991755864,27.466108549204634,-0.2194575147856294,0.029491492818675066,-0.013688932424881185,85.00000000000067
9.632971308259965,27.459996688900905,-0.23317206424422401,0.028074667986108554,-0.01371454945859464,85.20000000000067
9.658974169630566,27.453821221840766,-0.2469122398606441,0.026726114436438516,-0.013740175616420082,85.40000000000067
9.683645074582381,27.447602786496326,-0.2606780505462431,0.025442533075039322,-0.013765810685599015,85.60000000000068
9.780266618821292,27.421829211096547,-0.12516246888899138,0.1,0.13551558165725172,85.80000000000068
9.879484358658182,27.409345617797378,0.004006093313021486,0.1,0.12916856220201287,86.00000000000068
9.979483556220073,27.40974622605713,0.12725017735516486,0.1,0.12324408404214338,86.20000000000068
10.078675017750975,27.422436929716255,0.24495352664415176,0.1,0.11770334928898692,86.40000000000069
10.175689877384114,27.44668805361521,0.35746515435341164,0.1,0.11251162770925989,86.60000000000069
10.269368555059543,27.48167812862203,0.46510315164371074,0.1,0.1076379972902991,86.8000000000007
10.358746085589795,27.526529628444376,0.5681581511244838,0.1,0.10305499948077307,87.0000000000007
10.443035432314531,27.580337676436447,0.6668964197326877,0.1,0.09873826860820387,87.2000000000007
10.521609949082322,27.642192711111953,0.7615625890792999,0.1,0.09466616934661215,87.4000000000007
10.593985811596529,27.711198033553956,0.8523820489014678,0.1,0.09081945982216803,87.6000000000007
10.659804980445582,27.78648307198803,0.9395630369461347,0.1,0.08718098804466685,87.80000000000071
10.718819064622332,27.867213102762083,1.0232984605552895,0.1,0.0837354236091547,88.00000000000071
10.770874311080544,27.95259607129899,1.1037674840311924,0.1,0.08046902347590279,88.20000000000071
10.815897841152312,28.041887066029012,1.1811369131150224,0.1,0.07736942908383003,88.40000000000072
10.853885179322848,28.134390915347392,1.2555624045432077,0.1,0.07442549142818528,88.60000000000072
10.884889066840739,28.229463303340847,1.327189525174371,0.1,0.07162712063116342,88.80000000000072
10.90900951644831,28.326510734583145,1.396154681881795,0.1,0.06896515670742391,89.00000000000072
10.926385040914047,28.424989621404332,1.4625859404111061,0.1,0.06643125852931117,89.20000000000073
10.937184973776596,28.524404718095752,1.5266037487564381,0.1,0.06401780834533195,89.40000000000073
10.941602793264302,28.62430708478931,1.5883215783107458,0.1,0.06171782955430775,89.60000000000073
10.939850357821477,28.724291728460322,1.6478464940740083,0.1,0.05952491576326239,89.80000000000074
10.932152962595989,28.82399503887047,1.705279663523273,0.1,0.05743316944926478,90.00000000000074
10.918745129521723,28.92309211255205,1.7607168123244838,0.1,0.05543714880121097,90.20000000000074
10.899867048438438,29.02129403745484,1.8142486338623978,0.1,0.05353182153791393,90.40000000000074
10.87576159241818,29.118345194017014,1.8659611585492053,0.1,0.05171252468680763,90.60000000000075
10.846671836663285,29.21402061463339,1.9159360880159677,0.1,0.0499749294667623,90.80000000000075
10.812839016683414,29.308123432296888,1.9642510985687527,0.1,0.048315010552785004,91.00000000000075
10.77450086772112,29.400482440163717,2.010980117682128,0.1,0.046729019113375285,91.20000000000076
10.731890293422914,29.490949776578454,2.0561935767884334,0.1,0.0452134591063053,91.40000000000076
10.68523431744575,29.579398744382598,2.0999586431869135,0.1,0.04376506639848002,91.60000000000076
10.63475327698778,29.66572176885626,2.1423394335297017,0.1,0.04238079034278828,91.80000000000076
10.580660222107456,29.749828495184865,2.183397211031297,0.1,0.0410577775015953,92.00000000000077
10.523160489137672,29.831644023713398,2.2231905682858364,0.1,0.03979335725453917,92.20000000000077
10.462451420518306,29.91110727929338,2.2617755973549194,0.1,0.03858502906908312,92.40000000000077
10.398722206977505,29.988169509610643,2.299206048602028,0.1,0.03743045124710864,92.60000000000078
10.332153831212517,30.06279290639752,2.335533479592809,0.1,0.03632743099078089,92.80000000000078
10.26291909508171,30.134949342790243,2.370807395249691,0.1,0.03527391565688196,93.00000000000078
10.19118271484948,30.204619219718346,2.4050753803412523,0.1,0.03426798509156128,93.20000000000078
10.1171014712545,30.27179041404613,2.438383225298923,0.1,0.033307844957670564,93.40000000000079
10.040824403128024,30.33645732117821,2.4707750462840403,0.1,0.0323918209851175,93.60000000000079
9.96249303500078,30.39861998495088,2.502293400375569,0.1,0.0315183540915289,93.8000000000008
9.882241630630471,30.458283307826775,2.53297939671202,0.1,0.030685996336451218,94.0000000000008
9.80019746568182,30.5154563346653,2.5628728043998454,0.1,0.02989340768782525,94.2000000000008
9.71648111391996,30.57015160363515,2.592012157994876,0.1,0.029139353595030573,94.4000000000008
9.631206742256682,30.62238455815079,2.6204348613738055,0.1,0.028422703378929805,94.6000000000008
9.54448241083648,30.67217301403887,2.64817729084042,0.1,0.027742429466614472,94.80000000000081
9.456410375082738,30.719536676462624,2.675274898358041,0.1,0.027097607517621206,95.00000000000081
9.36708738725933,30.764496701443704,2.7017623158680686,0.1,0.026487417510027412,95.20000000000081
9.27660499565354,30.807075297114494,2.7276734617480574,0.1,0.025911145879988596,95.40000000000082
9.185049839965433,30.847295360104578,2.753041650586197,0.1,0.02536818883813945,95.60000000000082
9.0925039419084,30.885180142706798,2.777899707608533,0.1,0.024858057022336413,95.80000000000082
8.999044990396618,30.92075294667722,2.8022800892989426,0.1,0.02438038169040926,96.00000000000082
8.904746621027797,30.954036839694435,2.826215012010372,0.1,0.023934922711429607,96.20000000000083
8.80967868987407,30.98505439063177,2.8497365906931784,0.1,0.02352157868280629,96.40000000000083
8.713907541879847,31.01382741987564,2.8728769902808673,0.1,0.023140399587688876,96.60000000000083
8.617496274443589,31.040376760947204,2.8956685927994674,0.1,0.022791602518599952,96.80000000000084
8.520504997041499,31.06472202964383,2.9181441839363735,0.1,0.022475591136906295,97.00000000000084
8.422991088047814,31.08688139680021,2.940337163660931,0.1,0.022192979724557384,97.20000000000084
8.325009450233265,31.106871360561524,2.9622817865903475,0.1,0.021944622929416457,97.40000000000084
8.226612766798297,31.12470651374277,2.9840134392195767,0.1,0.02173165262922927,97.60000000000085
8.127851760243367,31.14039930139369,3.0055689629903957,0.1,0.02155552377081911,97.80000000000085
8.028775456924494,31.153959763062332,3.0269870346118095,0.1,0.02141807162141376,98.00000000000085
7.9294314608270176,31.16539525340532,3.0483086182682313,0.1,0.021321583656421606,98.20000000000086
7.8298662409672355,31.17471013366613,3.0695775086545853,0.1,0.021268890386354045,98.40000000000086
7.732604327629027,31.181726598199585,3.090840989571262,0.09751466843894988,0.021263480916676337,98.60000000000086
7.639629231949811,31.186449294513093,3.112121763238901,0.09309496375760094,0.021280773667639342,98.80000000000086
7.550791553690007,31.189068178227995,3.1334197816941054,0.08887627147053719,0.021298018455204473,99.00000000000087
7.465944970893115,31.189761633920032,3.1547349969588643,0.08484941657493458,0.021315215264758658,99.20000000000087
7.38494632209651,31.188697060572952,3.176067361041717,0.08100564439153063,0.021332364082852707,99.40000000000087
7.307655673794558,31.186031431962242,3.1974168259389146,0.07733660123658258,0.02134946489719729,99.60000000000088
7.233936374285103,31.18191183283691,3.2187833436355726,0.07383431598598421,0.021366517696657983,99.80000000000088
7.163655094963438,31.176475971748065,3.240166866106824,0.07049118249020335,0.021383522471251304,100.00000000000088
7.09668186006432,31.16985267135365,3.2615673453189635,0.06729994280062312,0.0214004792121397,100.20000000000088
7.0328900657922295,31.16216233700905,3.282984733230591,0.06425367116970351,0.021417387911627464,100.40000000000089
6.972156489722825,31.153517404433504,3.3044189817937464,0.06134575878912827,0.021434248563155612,100.60000000000089
6.914361291304216,31.144022767222275,3.325870042955044,0.058569899231766434,0.02145106116129756,100.80000000000089
6.859388004235196,31.133776184954634,3.3473378686567985,0.055920074564867785,0.021467825701754296,101.0000000000009
6.807123521448743,31.122868672627707,3.368822410838148,0.05339054210342419,0.021484542181349476,101.2000000000009
6.757458073382851,31.111384872126298,3.390323621436173,0.05097582177407296,0.021501210598024834,101.4000000000009
6.710285200176962,31.099403406418986,3.411841452387008,0.048670684061294774,0.021517830950835218,101.6000000000009
6.665501718390794,31.086997217151094,3.433375855626952,0.04647013850896916,0.021534403239943514,101.8000000000009
6.623007682803123,31.074233886285512,3.4549267830935677,0.04436942275160417,0.021550927466615823,102.00000000000091
6.5827063438109645,31.061175942423063,3.4764941867267845,0.04236399205074632,0.021567403633216565,102.20000000000091
6.544504100914519,31.04788115241491,3.498078018469988,0.04044950931321524,0.021583831743203153,102.40000000000092
6.508310452740065,31.034402798860622,3.519678230271109,0.038621835568892184,0.02160021180112124,102.60000000000092
6.474037944021686,31.02078994406687,3.5412947740837084,0.036877020886823146,0.021616543812599344,102.80000000000092
6.441602109933132,31.00708768102336,3.562927601868052,0.035211295709384235,0.02163282778434379,103.00000000000092
6.410921418133209,30.993337371934626,3.584576665592185,0.03362106258519516,0.02164906372413329,103.20000000000093
6.381917208861767,30.979576874828478,3.606241917232999,0.03210288828236374,0.021665251640813923,103.40000000000093
6.354513633398562,30.96584075874459,3.627923308777293,0.030653496264496972,0.021681391544293938,103.60000000000093
6.328637591173865,30.95216050798963,3.649620792222831,0.029269759512728578,0.021697483445537902,103.80000000000094
6.3042186657976815,30.938564715928575,3.671334319579393,0.02794869367779106,0.02171352735656198,104.00000000000094
6.281189060253739,30.925079268765668,3.693063842869821,0.026687450546897168,0.0217295232904279,104.20000000000094
6.259483531484889,30.91172751975228,3.714809314131059,0.025483311810905573,0.02174547126123807,104.40000000000094
6.175467450534217,30.857493783557082,3.7552764423562612,0.1,0.04046712822520204,104.60000000000095
6.093714236686626,30.799905485912596,3.7942634791747945,0.1,0.038987036818533174,104.80000000000095
6.014267775308599,30.73917444134304,3.8318345266662543,0.1,0.0375710474914599,105.00000000000095
5.937158572185387,30.675502070618343,3.8680506723937618,0.1,0.03621614572750738,105.20000000000095
5.8624053959077065,30.609079464252755,3.9029701626964597,0.1,0.03491949030269792,105.40000000000096
5.790016763129986,30.540087538315206,3.9366485635225947,0.1,0.033678400826134824,105.60000000000096
5.71999227784195,30.468697262645858,3.969138909999875,0.1,0.032490346477280156,105.80000000000096
5.652323835745797,30.39506994472459,4.000491845803517,0.1,0.03135293580364227,106.00000000000097
5.586996704577297,30.319357555161893,4.030755753264057,0.1,0.03026390746054002,106.20000000000097
5.523990490809732,30.241703083129202,4.059976875054132,0.1,0.029221121790074814,106.40000000000097
5.463280002681199,30.162240912058966,4.0881994282039225,0.1,0.02822255314979043,106.60000000000097
5.40483601892447,30.081097207665813,4.115465711116965,0.1,0.02726628291304265,106.80000000000098
5.348625971982167,29.998390311806133,4.1418162041900795,0.1,0.026350493073114257,107.00000000000098
5.294614553879651,29.914231136937584,4.167289664581892,0.1,0.025473460391812888,107.20000000000098
5.2427642523195495,29.82872355699214,4.19192321562278,0.1,0.02463355104088776,107.40000000000099
5.193035823966857,29.741964791362545,4.215752431314035,0.1,0.023829215691255002,107.60000000000099
5.1453887113202965,29.65404577944563,4.2388114163249195,0.1,0.023058985010884037,107.80000000000099
5.0997814090197915,29.56505154380719,4.261132881862306,0.1,0.02232146553738623,108.000000000001
5.056171784925003,29.475061540549543,4.282748217758286,0.1,0.02161533589598026,108.200000000001
5.01451736081813,29.384149995890326,4.303687561095963,0.1,0.020939343337676733,108.400000000001
4.974775557136234,29.292386228312324,4.323979861672283,0.1,0.020292300576320477,108.600000000001
4.936903905724451,29.199834955931312,4.343652944578909,0.1,0.019673082906625262,108.800000000001
4.900860234220727,29.106556588961624,4.3627335701675225,0.1,0.01908062558861312,109.00000000000101
4.866602825334274,29.012607507346175,4.381247491654518,0.1,0.018513921486995957,109.20000000000101
4.834090553962243,28.91804032376629,4.399219510611599,0.1,0.017972018957080983,109.40000000000101
4.803283004800678,28.822904132363348,4.416673530583415,0.1,0.01745401997181606,109.60000000000102
4.774140572844922,28.72724474359411,4.433632609071108,0.1,0.016959078487692337,109.80000000000102
4.746624548939684,28.63110490570967,4.450119008121578,0.1,0.016486399050470803,110.00000000000102
4.720697192328161,28.534524513397674,4.466154243766769,0.1,0.016035235645191295,110.20000000000103
4.696321791961543,28.437540804162737,4.481759134565534,0.1,0.015604890798765503,110.40000000000103
4.673462718163264,28.340188543043208,4.4969538495133135,0.1,0.015194714947779709,110.60000000000103
4.652085466095302,28.24250019627645,4.511757955602406,0.1,0.014804106089092973,110.80000000000103
4.63215669234544,28.144506094531362,4.526190465339017,0.1,0.0144325097366103,111.00000000000104
4.613644245843698,28.04623458632822,4.540269884553493,0.1,0.014079419214476287,111.20000000000104
4.596517194222447,27.947712182263142,4.554014260878676,0.1,0.013744376325182328,111.40000000000104
4.580745846657303,27.84896369064945,4.567441233319779,0.1,0.013426972441103935,111.60000000000105
4.566301774164761,27.750012345181943,4.580568083400066,0.1,0.013126850080286979,111.80000000000105
4.553157828287502,27.65087992522371,4.593411788442613,0.1,0.012843705042547483,112.00000000000105
4.541288159069942,27.551586869310086,4.605989077643616,0.1,0.012577289201002718,112.20000000000105
4.530668233215742,27.452152382461453,4.618316491711775,0.1,0.012327414068159027,112.40000000000106
4.5212748533271245,27.35259453789726,4.6304104469979475,0.1,0.012093955286172076,112.60000000000106
4.513086179154968,27.252930373749347,4.642287305227873,0.1,0.011876858229925347,112.80000000000106
4.506081751841946,27.153175985384642,4.6539634501898,0.1,0.011676144961927105,113.00000000000107
4.500242522222428,27.053346613967957,4.665455373033323,0.1,0.011491922843522585,113.20000000000107
4.4955508843581455,26.95345673192703,4.676779768226142,0.1,0.011324395192819026,113.40000000000107
4.491990715645421,26.853520126027405,4.6879536427195125,0.1,0.011173874493370617,113.60000000000107
4.4895474250381655,26.75354997882831,4.698994441528926,0.1,0.011040798809413844,113.80000000000108
4.488208011204953,26.653558949377747,4.709920193796939,0.1,0.010925752268012534,114.00000000000108
4.487961132796961,26.553559254122952,4.720749684544035,0.1,0.010829490747096316,114.20000000000108
4.488797193472518,26.453562749171294,4.731502658836062,0.1,0.010752974292027108,114.40000000000109
4.490708444938917,26.35358101525038,4.742200067153851,0.1,0.010697408317789226,114.60000000000109
4.493689112083129,26.253625447004406,4.7528643635616685,0.1,0.010664296407817232,114.80000000000109
4.49773554534026,26.15370734865433,4.76351987216003,0.1,0.010655508598361153,115.0000000000011
4.502643370076806,26.057805500139665,4.774193242760887,0.09602734658509662,0.010673370600856914,115.2000000000011
4.508285016701031,25.966639271153863,4.784889756281021,0.09134062340560486,0.010696513520133566,115.4000000000011
4.514578592823066,25.87998440336227,4.795609441468886,0.08688311235437216,0.010719685187865348,115.6000000000011
4.521448293891311,25.797626836310013,4.806352326969838,0.08264358198634748,0.010742885500951883,115.8000000000011
4.528824014921623,25.719362263034988,4.817118441325194,0.07861135217408921,0.010766114355355594,116.00000000000111
4.536640984988996,25.64499570411519,4.827907812971294,0.0747762670010074,0.010789371646100011,116.20000000000111
4.544839423218493,25.57434109943299,4.838720470238562,0.07112866898937935,0.010812657267268745,116.40000000000111
4.553364215079617,25.50722091696434,4.849556441350566,0.0676593745973193,0.010835971112003673,116.60000000000112
4.562164607852212,25.443465777925457,4.8604157544230695,0.0643596509221357,0.010859313072504229,116.80000000000112
4.571193924192543,25.382914097633446,4.871298437463095,0.061221193550597255,0.010882683040025577,117.00000000000112
4.580409292785706,25.325411741460428,4.882204518367973,0.05823610549956635,0.010906080904877592,117.20000000000113
4.589771395124941,25.270811695283218,4.893134024924397,0.0553968771932475,0.010929506556423841,117.40000000000113
4.599244227510063,25.218973749852342,4.904086984807477,0.0526963674259529,0.010952959883080383,117.60000000000113
4.608794877406177,25.169764198525225,4.915063425579791,0.050127785261810644,0.010976440772314478,117.80000000000113
4.618393313350194,25.123055547828827,4.926063374690434,0.04768467282523481,0.01099994911064366,118.00000000000114
4.628012187636673,25.078726240336717,4.9370868594740696,0.04536088893825969,0.011023484783634886,118.20000000000114
4.637626651056122,25.03666038936475,4.948133907149973,0.0431505935630036,0.011047047675903345,118.40000000000114
4.647214178998409,24.996747525007937,4.959204544821085,0.04104823300958971,0.011070637671111784,118.60000000000115
4.656754408271319,24.958882351059025,4.9702987994730545,0.03904852587180632,0.011094254651969494,118.80000000000115
4.666228984019736,24.922964512366626,4.981416697973286,0.03714644965465202,0.011117898500231416,119.00000000000115
4.675621416164501,24.888898372207404,4.992558267069984,0.035337228059678254,0.011141569096697834,119.20000000000115
4.684916944811797,24.856592799262998,5.003723533391197,0.03361631889572582,0.01116526632121282,119.40000000000116
4.694102414114058,24.82596096380799,5.014912523443861,0.03197940258424754,0.011188990052664405,119.60000000000116
4.703166154091888,24.796920142730308,5.026125263612845,0.030422371229930315,0.011212740168983704,119.80000000000116
4.712097869953551,24.769391533019938,5.037361780159989,0.028941318228775853,0.011236516547144016,120.00000000000117
4.720888538474118,24.74330007337599,5.04862209922315,0.027532528387168215,0.011260319063160652,120.20000000000117
4.7295303110206515,24.718574273595607,5.05990624681524,0.026192468526767022,0.011284147592090267,120.40000000000117
4.763586765108483,24.624552159521507,5.166822727358908,0.1,0.10691648054366808,120.60000000000117
4.807482125143758,24.53470118641952,5.2702246000106205,0.1,0.10340187265171284,120.80000000000118
4.860417242427444,24.449860904959813,5.37032504252569,0.1,0.10010044251506939,121.00000000000118
4.921565747664136,24.370735306653586,5.467316896329461,0.1,0.09699185380377062,121.20000000000118
4.990089364675231,24.297903212685906,5.561375859095363,0.1,0.09405896276590182,121.40000000000119
5.065150502346868,24.231828818163976,5.652663048425545,0.1,0.0912871893301817,121.60000000000119
5.145922473559114,24.17287215046228,5.741327080618049,0.1,0.0886640321925047,121.80000000000119
5.231597655551269,24.12129925844902,5.827505772467492,0.1,0.08617869184944321,122.0000000000012
5.321393874642351,24.077291997264684,5.911327547636224,0.1,0.08382177516873242,122.2000000000012
5.4145592689039725,24.04095731256705,5.992912609679681,0.1,0.08158506204345724,122.4000000000012
5.510375855046712,24.0123359600492,6.072373929390089,0.1,0.07946131971040771,122.6000000000012
5.608162000354165,23.99141062167894,6.149818083359946,0.1,0.0774441539698576,122.8000000000012
5.707273976965207,23.97811340045599,6.225345972575238,0.1,0.07552788921529184,123.00000000000121
5.807106754160405,23.972332691373705,6.29905344372095,0.1,0.07370747114571233,123.20000000000121
5.907094164536714,23.973919438435992,6.371031831208498,0.1,0.07197838748754748,123.40000000000121
6.006708562018158,23.98269279665328,6.441368434346637,0.1,0.07033660313813904,123.60000000000122
6.105460073488789,23.998445224474597,6.510146941304889,0.1,0.06877850695825205,123.80000000000122
6.202895531367661,24.020947036577947,6.577447809363539,0.1,0.06730086805865061,124.00000000000122
6.298597161577891,24.049950449740958,6.643348609260606,0.1,0.06590079989706724,124.20000000000122
6.392181089986266,24.085193155988577,6.707924340124828,0.1,0.06457573086422173,124.40000000000123
6.48329572039329,24.126401457649667,6.771247720442961,0.1,0.06332338031813305,124.60000000000123
6.571620028420611,24.173292998587186,6.8333894596877105,0.1,0.06214173924474973,124.80000000000123
6.656861808059174,24.22557912489284,6.894418514582268,0.1,0.06102905489455775,125.00000000000124
6.738755901096326,24.282966906916737,6.9544023334623795,0.1,0.05998381888011109,125.20000000000124
6.817062434028338,24.345160852764927,7.013407091788668,0.1,0.05900475832628831,125.40000000000124
6.891565082288118,24.4118643414464,7.0714979215379445,0.1,0.05809082974927629,125.60000000000124
6.962069377585828,24.482780801768197,7.1287391369438255,0.1,0.05724121540588137,125.80000000000125
7.028401070790935,24.557614660926625,7.185194458848295,0.1,0.056455321904469585,126.00000000000125
7.0904045600048144,24.636072084573495,7.240927239752462,0.1,0.055732780904166605,126.20000000000125
7.1479413912194705,24.717861527986297,7.296000691502819,0.1,0.05507345175035683,126.40000000000126
7.200888837175287,24.802694115868288,7.350478117404206,0.1,0.05447742590138765,126.60000000000126
7.249138558673232,24.890283866269638,7.404423150396172,0.1,0.05394503299196649,126.80000000000126
7.292113050538803,24.97934820646508,7.457899998746175,0.09889015949806913,0.053476848350002104,127.00000000000126
7.3293863898976355,25.068480056435536,7.510947913861354,0.09661153402215884,0.05304791511517992,127.20000000000127
7.3611200241601,25.157331488994146,7.563578580033621,0.09434829416169044,0.052630666172266555,127.40000000000127
7.387492642099629,25.245577968456367,7.6158031942819715,0.09210296474305607,0.05222461424835023,127.60000000000127
7.408697784830757,25.332918518966764,7.66763249365185,0.08987786068719512,0.05182929936987879,127.80000000000128
7.424941567951325,25.41907571366582,7.7190767806129985,0.08767509731091923,0.05144428696114822,128.00000000000128
7.4364405212366975,25.503795503275576,7.770145946712875,0.0854966003896116,0.05106916609987593,128.20000000000127
7.4434195505079055,25.58684690191326,7.8208494946278195,0.08334411596053708,0.05070354791494487,128.40000000000126
7.446110024714971,25.66802154710264,7.871196558740817,0.08121921985023432,0.05034706411299701,128.60000000000124
7.444747989871221,25.747133150062595,7.921195924362772,0.07912332691317439,0.049999365621955776,128.80000000000123
